{"cameraMode":{"drawMode":0,"name":"Shaded","section":"Shading Mode"},"sceneLighting":false,"audioPlay":false,"sceneViewState":{"m_AlwaysRefresh":false,"showFog":true,"showSkybox":false,"showFlares":true,"showImageEffects":true,"showParticleSystems":true,"showVisualEffectGraphs":true,"m_FxEnabled":true},"in2DMode":false,"pivot":{"x":2.235203266143799,"y":0.6020125150680542,"z":8.118476867675782},"rotation":{"x":-0.10422563552856446,"y":0.20938292145729066,"z":-0.022463612258434297,"w":-0.9721598625183106},"size":0.22725315392017365,"orthographic":false}