{"cameraMode":{"drawMode":0,"name":"Shaded","section":"Shading Mode"},"sceneLighting":false,"audioPlay":false,"sceneViewState":{"m_AlwaysRefresh":false,"showFog":true,"showSkybox":false,"showFlares":true,"showImageEffects":true,"showParticleSystems":true,"showVisualEffectGraphs":true,"m_FxEnabled":true},"in2DMode":false,"pivot":{"x":0.0000010728836059570313,"y":1.6273043155670167,"z":0.04327176511287689},"rotation":{"x":-0.18519172072410584,"y":0.02418326586484909,"z":-0.004518214613199234,"w":-0.9824771881103516},"size":2.154050827026367,"orthographic":false}