{"cameraMode":{"drawMode":0,"name":"Shaded","section":"Shading Mode"},"sceneLighting":false,"audioPlay":false,"sceneViewState":{"m_AlwaysRefresh":false,"showFog":true,"showSkybox":false,"showFlares":true,"showImageEffects":true,"showParticleSystems":true,"showVisualEffectGraphs":true,"m_FxEnabled":true},"in2DMode":false,"pivot":{"x":0.0005893930792808533,"y":0.005293351598083973,"z":-1.4901161193847657e-7},"rotation":{"x":-0.22053056955337525,"y":0.6437109112739563,"z":-0.20150379836559297,"w":-0.7047913074493408},"size":0.20422323048114777,"orthographic":false}