{"cameraMode":{"drawMode":0,"name":"Shaded","section":"Shading Mode"},"sceneLighting":false,"audioPlay":false,"sceneViewState":{"m_AlwaysRefresh":false,"showFog":false,"showSkybox":false,"showFlares":false,"showImageEffects":false,"showParticleSystems":false,"showVisualEffectGraphs":true,"m_FxEnabled":true},"in2DMode":false,"pivot":{"x":0.004882304463535547,"y":1.6466634273529053,"z":2.427830219268799},"rotation":{"x":-0.003309892723336816,"y":-0.9756215214729309,"z":0.21895639598369599,"w":-0.013547609560191632},"size":0.5443628430366516,"orthographic":false}