{"cameraMode":{"drawMode":0,"name":"Shaded","section":"Shading Mode"},"sceneLighting":false,"audioPlay":false,"sceneViewState":{"m_AlwaysRefresh":false,"showFog":true,"showSkybox":false,"showFlares":true,"showImageEffects":true,"showParticleSystems":true,"showVisualEffectGraphs":true,"m_FxEnabled":true},"in2DMode":false,"pivot":{"x":1.3115968704223633,"y":0.7376960515975952,"z":0.7478022575378418},"rotation":{"x":-0.007288492750376463,"y":-0.9518516063690186,"z":0.30571117997169497,"w":-0.0217534638941288},"size":0.2812867760658264,"orthographic":false}