{"cameraMode":{"drawMode":0,"name":"Shaded","section":"Shading Mode"},"sceneLighting":false,"audioPlay":false,"sceneViewState":{"m_AlwaysRefresh":false,"showFog":true,"showSkybox":false,"showFlares":true,"showImageEffects":true,"showParticleSystems":true,"showVisualEffectGraphs":true,"m_FxEnabled":true},"in2DMode":false,"pivot":{"x":0.02564094588160515,"y":0.27939605712890627,"z":0.1311664581298828},"rotation":{"x":0.3818655014038086,"y":-0.015234296210110188,"z":0.006574523169547319,"w":0.9242492914199829},"size":1.1381011009216309,"orthographic":false}