{"cameraMode":{"drawMode":0,"name":"Shaded","section":"Shading Mode"},"sceneLighting":false,"audioPlay":false,"sceneViewState":{"m_AlwaysRefresh":false,"showFog":true,"showSkybox":false,"showFlares":true,"showImageEffects":true,"showParticleSystems":true,"showVisualEffectGraphs":true,"m_FxEnabled":true},"in2DMode":false,"pivot":{"x":0.0027068257331848146,"y":0.4819421172142029,"z":-0.0011414587497711182},"rotation":{"x":0.5785081386566162,"y":0.007419230416417122,"z":-0.004945978056639433,"w":0.81583172082901},"size":0.649390459060669,"orthographic":false}